[
  {
    "id": 6,
    "created_at": 1757346308000,
    "subject": "HMRC VAT letter",
    "sender_name": "HMRC",
    "notes": "Quarterly VAT notice",
    "tag": "HMRC",
    "status": "received",
    "scanned": 0,
    "deleted": 0
  },
  {
    "id": 7,
    "created_at": 1757346308000,
    "subject": "Barclays pin mailer",
    "sender_name": "Barclays",
    "notes": "PIN mailer",
    "tag": "Bank",
    "status": "received",
    "scanned": 0,
    "deleted": 0
  },
  {
    "id": 8,
    "created_at": 1757346308000,
    "subject": "Companies House code",
    "sender_name": "Companies House",
    "notes": "Auth code",
    "tag": "CompaniesHouse",
    "status": "received",
    "scanned": 0,
    "deleted": 0
  },
  {
    "id": 2,
    "created_at": 1756595340742,
    "subject": "Bank Statement - Barclays",
    "sender_name": "Barclays Bank",
    "notes": "Monthly statement",
    "tag": "Banking",
    "status": "scanned",
    "scanned": 1,
    "deleted": 0
  },
  {
    "id": 3,
    "created_at": 1756508940742,
    "subject": "Utility Bill - British Gas",
    "sender_name": "British Gas",
    "notes": "Forwarded to home address",
    "tag": "Utilities",
    "status": "forward_requested",
    "scanned": 1,
    "deleted": 0
  },
  {
    "id": 1,
    "created_at": 1756422540742,
    "subject": "HMRC Tax Return Notice",
    "sender_name": "HMRC",
    "notes": "Important tax document",
    "tag": "HMRC",
    "status": "scanned",
    "scanned": 1,
    "deleted": 0
  }
]